1,Frances,Harris,fharris0@trellian.com
2,Gerald,Richardson,grichardson1@about.me
3,Eugene,Anderson,eanderson2@nytimes.com
4,Sarah,Duncan,sduncan3@dmoz.org
5,Sean,Frazier,sfrazier4@oaic.gov.au
6,Eugene,Peters,epeters5@auda.org.au
7,Ruth,Wheeler,rwheeler6@amazon.com
8,Paula,Perkins,pperkins7@friendfeed.com
9,Johnny,Murphy,jmurphy8@tiny.cc
10,Raymond,Knight,rknight9@state.tx.us
11,Bonnie,Sims,bsimsa@google.fr
12,Michael,Robertson,mrobertsonb@yellowbook.com
13,Philip,Riley,prileyc@netscape.com
14,Philip,Vasquez,pvasquezd@ed.gov
15,Arthur,Hicks,ahickse@vk.com
16,Lois,Gardner,lgardnerf@myspace.com
17,Christopher,Payne,cpayneg@godaddy.com
18,Shirley,Gutierrez,sgutierrezh@accuweather.com
19,Benjamin,Porter,bporteri@artisteer.com
20,Paul,Cole,pcolej@infoseek.co.jp
